{"race":23,"hpMultiplier":0.0,"attackMultiplier":0.0,"walkSpeed":2.0999999046325685,"runSpeed":4.099999904632568,"traitNames":[]}
