{"race":32,"walkSpeed":1.2000000476837159,"runSpeed":2.9000000953674318,"traitNames":["Combatant"]}
