{"race":26,"hpMultiplier":0.0,"attackMultiplier":0.0,"walkSpeed":3.200000047683716,"runSpeed":5.199999809265137,"traitNames":["Consumable"]}
