{"race":2,"hpMultiplier":1.0,"attackMultiplier":1.0,"attackSpeedMultiplier":0.800000011920929,"staminaReductionMultiplier":1.399999976158142,"walkSpeed":2.700000047683716,"runSpeed":4.199999809265137,"traitNames":["Consumable"]}
