{"race":2,"hpMultiplier":0.0,"attackMultiplier":0.0,"walkSpeed":2.700000047683716,"runSpeed":4.699999809265137,"traitNames":["Consumable"]}
