{"race":1,"hpMultiplier":1.2000000476837159,"attackMultiplier":1.0,"attackSpeedMultiplier":1.0,"staminaReductionMultiplier":1.0,"walkSpeed":2.0999999046325685,"runSpeed":3.5999999046325685,"traitNames":["Consumable"]}
