{"race":13,"hpMultiplier":0.5,"attackMultiplier":0.5,"attackSpeedMultiplier":1.0,"staminaReductionMultiplier":1.600000023841858,"walkSpeed":1.7999999523162842,"runSpeed":3.299999952316284,"traitNames":[]}
