{"race":13,"hpMultiplier":0.5,"attackMultiplier":0.5,"walkSpeed":1.7999999523162842,"runSpeed":3.799999952316284,"traitNames":[]}
