{"race":13,"hpMultiplier":0.5,"attackMultiplier":0.5,"walkSpeed":1.2999999523162842,"runSpeed":1.7999999523162842,"traitNames":[]}
