{"race":17,"hpMultiplier":0.0,"attackMultiplier":0.0,"walkSpeed":2.9000000953674318,"runSpeed":4.900000095367432,"traitNames":[]}
